learners,name
pbhandari@mba2025stg.hbsstg.org,pbhandari
jarango@mba2025stg.hbsstg.org,jarango
ddelaney@mba2025stg.hbsstg.org,ddelaney
aserobyan@mba2025stg.hbsstg.org,aserobyan
mwoindrich@mba2025stg.hbsstg.org,mwoindrich
jamchen@mba2025stg.hbsstg.org,jamchen
milshah@mba2025stg.hbsstg.org,milshah
abalghonaim@mba2025stg.hbsstg.org,abalghonaim
fwogayehu@mba2025stg.hbsstg.org,fwogayehu
atayag@mba2025stg.hbsstg.org,atayag
akahmed@mba2025stg.hbsstg.org,akahmed
xge@mba2025stg.hbsstg.org,xge
rhoang@mba2025stg.hbsstg.org,rhoang
gnwamadi@mba2025stg.hbsstg.org,gnwamadi
tyvo@mba2025stg.hbsstg.org,tyvo
mnelson@mba2025stg.hbsstg.org,mnelson
moliveira@mba2025stg.hbsstg.org,moliveira
aomole@mba2025stg.hbsstg.org,aomole
lhearn@mba2025stg.hbsstg.org,lhearn
ywen@mba2025stg.hbsstg.org,ywen
pskladneva@mba2025stg.hbsstg.org,pskladneva
sjebbar@mba2025stg.hbsstg.org,sjebbar
ltesta@mba2025stg.hbsstg.org,ltesta
lzevallos@mba2025stg.hbsstg.org,lzevallos
ssoirola@mba2025stg.hbsstg.org,ssoirola
roh@mba2025stg.hbsstg.org,roh
ksin@mba2025stg.hbsstg.org,ksin
cvosbikian@mba2025stg.hbsstg.org,cvosbikian
dxiao@mba2025stg.hbsstg.org,dxiao
gliu@mba2025stg.hbsstg.org,gliu
rlurie@mba2025stg.hbsstg.org,rlurie
asingh@mba2025stg.hbsstg.org,asingh
mfinocchio@mba2025stg.hbsstg.org,mfinocchio
afisher@mba2025stg.hbsstg.org,afisher
jdelsolar@mba2025stg.hbsstg.org,jdelsolar
gzhang@mba2025stg.hbsstg.org,gzhang
eisaacson@mba2025stg.hbsstg.org,eisaacson
jhonet@mba2025stg.hbsstg.org,jhonet
lvolpert@mba2025stg.hbsstg.org,lvolpert
sforero@mba2025stg.hbsstg.org,sforero
khearn@mba2025stg.hbsstg.org,khearn
choffmann@mba2025stg.hbsstg.org,choffmann
tlempidakis@mba2025stg.hbsstg.org,tlempidakis
jechen@mba2025stg.hbsstg.org,jechen
fjembere@mba2025stg.hbsstg.org,fjembere
aosborne@mba2025stg.hbsstg.org,aosborne
yanaki@mba2025stg.hbsstg.org,yanaki
arajesh@mba2025stg.hbsstg.org,arajesh
mgurley@mba2025stg.hbsstg.org,mgurley
mkang@mba2025stg.hbsstg.org,mkang
mmodi@mba2025stg.hbsstg.org,mmodi
sbook@mba2025stg.hbsstg.org,sbook
awitting@mba2025stg.hbsstg.org,awitting
fdaso@mba2025stg.hbsstg.org,fdaso
ghan@mba2025stg.hbsstg.org,ghan
gsamen@mba2025stg.hbsstg.org,gsamen
jubietaastigarraga@mba2025stg.hbsstg.org,jubietaastigarraga
jotto@mba2025stg.hbsstg.org,jotto
iali@mba2025stg.hbsstg.org,iali
mmoussallem@mba2025stg.hbsstg.org,mmoussallem
ypark@mba2025stg.hbsstg.org,ypark
bhijaz@mba2025stg.hbsstg.org,bhijaz
myoung@mba2025stg.hbsstg.org,myoung
smurrell@mba2025stg.hbsstg.org,smurrell
ezanetis@mba2025stg.hbsstg.org,ezanetis
tbanda@mba2025stg.hbsstg.org,tbanda
dquental@mba2025stg.hbsstg.org,dquental
csoare@mba2025stg.hbsstg.org,csoare
aprasad@mba2025stg.hbsstg.org,aprasad
ghutchinson@mba2025stg.hbsstg.org,ghutchinson
vhuang@mba2025stg.hbsstg.org,vhuang
gmajzoub@mba2025stg.hbsstg.org,gmajzoub
fpolycarpe@mba2025stg.hbsstg.org,fpolycarpe
smunzer@mba2025stg.hbsstg.org,smunzer
jsirois@mba2025stg.hbsstg.org,jsirois
kzeng@mba2025stg.hbsstg.org,kzeng
jbhandari@mba2025stg.hbsstg.org,jbhandari
mrizwan@mba2025stg.hbsstg.org,mrizwan
lmartin@mba2025stg.hbsstg.org,lmartin
ggabriela@mba2025stg.hbsstg.org,ggabriela
daguirre@mba2025stg.hbsstg.org,daguirre
argarg@mba2025stg.hbsstg.org,argarg
tford@mba2025stg.hbsstg.org,tford
mkrysil@mba2025stg.hbsstg.org,mkrysil
ngeorge@mba2025stg.hbsstg.org,ngeorge
yefrat@mba2025stg.hbsstg.org,yefrat
djain@mba2025stg.hbsstg.org,djain
sberube@mba2025stg.hbsstg.org,sberube
llicht@mba2025stg.hbsstg.org,llicht
ghua@mba2025stg.hbsstg.org,ghua
rdesrousseaux@mba2025stg.hbsstg.org,rdesrousseaux
nlaksitarasmi@mba2025stg.hbsstg.org,nlaksitarasmi
kshroff@mba2025stg.hbsstg.org,kshroff
ihoang@mba2025stg.hbsstg.org,ihoang
jspiegel@mba2025stg.hbsstg.org,jspiegel
udayalan@mba2025stg.hbsstg.org,udayalan
rmcdonnell@mba2025stg.hbsstg.org,rmcdonnell
hhamilton@mba2025stg.hbsstg.org,hhamilton
radamjee@mba2025stg.hbsstg.org,radamjee
thostetter@mba2025stg.hbsstg.org,thostetter
nrahman@mba2025stg.hbsstg.org,nrahman
hedgerley@mba2025stg.hbsstg.org,hedgerley
jbraham@mba2025stg.hbsstg.org,jbraham
jwymer@mba2025stg.hbsstg.org,jwymer
kvirkler@mba2025stg.hbsstg.org,kvirkler
ssong@mba2025stg.hbsstg.org,ssong
rapatel@mba2025stg.hbsstg.org,rapatel
psmith@mba2025stg.hbsstg.org,psmith
pagrawal@mba2025stg.hbsstg.org,pagrawal
kgandhi@mba2025stg.hbsstg.org,kgandhi
pklein@mba2025stg.hbsstg.org,pklein
jbennett@mba2025stg.hbsstg.org,jbennett
mpatel@mba2025stg.hbsstg.org,mpatel
tadeyemi@mba2025stg.hbsstg.org,tadeyemi
aware@mba2025stg.hbsstg.org,aware
tmeidell@mba2025stg.hbsstg.org,tmeidell
jdesenna@mba2025stg.hbsstg.org,jdesenna
clucas@mba2025stg.hbsstg.org,clucas
htieh@mba2025stg.hbsstg.org,htieh
mshao@mba2025stg.hbsstg.org,mshao
hle@mba2025stg.hbsstg.org,hle
elitchman@mba2025stg.hbsstg.org,elitchman
hkaiser@mba2025stg.hbsstg.org,hkaiser
jnovicklederer@mba2025stg.hbsstg.org,jnovicklederer
lluo@mba2025stg.hbsstg.org,lluo
tambrosio@mba2025stg.hbsstg.org,tambrosio
lkang@mba2025stg.hbsstg.org,lkang
bgorostiagazubizarreta@mba2025stg.hbsstg.org,bgorostiagazubizarreta
rbarrioslabarthe@mba2025stg.hbsstg.org,rbarrioslabarthe
jmattekatt@mba2025stg.hbsstg.org,jmattekatt
lma@mba2025stg.hbsstg.org,lma
cholee@mba2025stg.hbsstg.org,cholee
jsalas@mba2025stg.hbsstg.org,jsalas
jopark@mba2025stg.hbsstg.org,jopark
aoverbeek@mba2025stg.hbsstg.org,aoverbeek
pheitzmann@mba2025stg.hbsstg.org,pheitzmann
rsrinivasan@mba2025stg.hbsstg.org,rsrinivasan
mderose@mba2025stg.hbsstg.org,mderose
ekotopoulou@mba2025stg.hbsstg.org,ekotopoulou
aguzenko@mba2025stg.hbsstg.org,aguzenko
vmathai@mba2025stg.hbsstg.org,vmathai
rdorrepaal@mba2025stg.hbsstg.org,rdorrepaal
brelee@mba2025stg.hbsstg.org,brelee
mekungba@mba2025stg.hbsstg.org,mekungba
srobertson@mba2025stg.hbsstg.org,srobertson
rscott@mba2025stg.hbsstg.org,rscott
ckaminski@mba2025stg.hbsstg.org,ckaminski
kwakim@mba2025stg.hbsstg.org,kwakim
cyoung@mba2025stg.hbsstg.org,cyoung
kkhandaker@mba2025stg.hbsstg.org,kkhandaker
schaparala@mba2025stg.hbsstg.org,schaparala
brong@mba2025stg.hbsstg.org,brong
yakounou@mba2025stg.hbsstg.org,yakounou
sbann@mba2025stg.hbsstg.org,sbann
glee@mba2025stg.hbsstg.org,glee
izhou@mba2025stg.hbsstg.org,izhou
lmeshorer@mba2025stg.hbsstg.org,lmeshorer
andao@mba2025stg.hbsstg.org,andao
cfloresfernandez@mba2025stg.hbsstg.org,cfloresfernandez
rgonzalezmartinez@mba2025stg.hbsstg.org,rgonzalezmartinez
agray@mba2025stg.hbsstg.org,agray
abarthakur@mba2025stg.hbsstg.org,abarthakur
mkaplan@mba2025stg.hbsstg.org,mkaplan
acodding@mba2025stg.hbsstg.org,acodding
cgrimestad@mba2025stg.hbsstg.org,cgrimestad
cyu@mba2025stg.hbsstg.org,cyu
anli@mba2025stg.hbsstg.org,anli
lcai@mba2025stg.hbsstg.org,lcai
abhanji@mba2025stg.hbsstg.org,abhanji
psundstroem@mba2025stg.hbsstg.org,psundstroem
mathompson@mba2025stg.hbsstg.org,mathompson
hblyth@mba2025stg.hbsstg.org,hblyth
sshroff@mba2025stg.hbsstg.org,sshroff
wkazui@mba2025stg.hbsstg.org,wkazui
jsokoloff@mba2025stg.hbsstg.org,jsokoloff
malmana@mba2025stg.hbsstg.org,malmana
ckneizys@mba2025stg.hbsstg.org,ckneizys
lhernandez@mba2025stg.hbsstg.org,lhernandez
sshanazarov@mba2025stg.hbsstg.org,sshanazarov
htsuchiya@mba2025stg.hbsstg.org,htsuchiya
fwimmer@mba2025stg.hbsstg.org,fwimmer
ggenzman@mba2025stg.hbsstg.org,ggenzman
jthomas@mba2025stg.hbsstg.org,jthomas
clabarthe@mba2025stg.hbsstg.org,clabarthe
jscherba@mba2025stg.hbsstg.org,jscherba
preid@mba2025stg.hbsstg.org,preid
ksahni@mba2025stg.hbsstg.org,ksahni
gthomas@mba2025stg.hbsstg.org,gthomas
lwatton@mba2025stg.hbsstg.org,lwatton
pdoremus@mba2025stg.hbsstg.org,pdoremus
mmccombs@mba2025stg.hbsstg.org,mmccombs
rrimkus@mba2025stg.hbsstg.org,rrimkus
cnoh@mba2025stg.hbsstg.org,cnoh
cyeh@mba2025stg.hbsstg.org,cyeh
jharris@mba2025stg.hbsstg.org,jharris
mng@mba2025stg.hbsstg.org,mng
hwang@mba2025stg.hbsstg.org,hwang
ecarrero@mba2025stg.hbsstg.org,ecarrero
miglesias@mba2025stg.hbsstg.org,miglesias
srickter@mba2025stg.hbsstg.org,srickter
egedikli@mba2025stg.hbsstg.org,egedikli
aandrino@mba2025stg.hbsstg.org,aandrino
cwhan@mba2025stg.hbsstg.org,cwhan
mhuston@mba2025stg.hbsstg.org,mhuston
fotighearnaigh@mba2025stg.hbsstg.org,fotighearnaigh
gtang@mba2025stg.hbsstg.org,gtang
mpiotrowska@mba2025stg.hbsstg.org,mpiotrowska
kmatthews@mba2025stg.hbsstg.org,kmatthews
dalivarius@mba2025stg.hbsstg.org,dalivarius
nle@mba2025stg.hbsstg.org,nle
broosman@mba2025stg.hbsstg.org,broosman
sravichandran@mba2025stg.hbsstg.org,sravichandran
cjain@mba2025stg.hbsstg.org,cjain
ralyami@mba2025stg.hbsstg.org,ralyami
apoorvu@mba2025stg.hbsstg.org,apoorvu
ckim@mba2025stg.hbsstg.org,ckim
nwong@mba2025stg.hbsstg.org,nwong
tharris@mba2025stg.hbsstg.org,tharris
kwuppulur@mba2025stg.hbsstg.org,kwuppulur
lgylfadottir@mba2025stg.hbsstg.org,lgylfadottir
dnurieli@mba2025stg.hbsstg.org,dnurieli
sarnaudov@mba2025stg.hbsstg.org,sarnaudov
jenli@mba2025stg.hbsstg.org,jenli
sshibata@mba2025stg.hbsstg.org,sshibata
trey@mba2025stg.hbsstg.org,trey
abronfin@mba2025stg.hbsstg.org,abronfin
hrodrigues@mba2025stg.hbsstg.org,hrodrigues
alee@mba2025stg.hbsstg.org,alee
wnahm@mba2025stg.hbsstg.org,wnahm
rfattal@mba2025stg.hbsstg.org,rfattal
schoi@mba2025stg.hbsstg.org,schoi
amohajir@mba2025stg.hbsstg.org,amohajir
tbebi@mba2025stg.hbsstg.org,tbebi
jdanz@mba2025stg.hbsstg.org,jdanz
marellano@mba2025stg.hbsstg.org,marellano
awilliams@mba2025stg.hbsstg.org,awilliams
bwisniewski@mba2025stg.hbsstg.org,bwisniewski
vmiele@mba2025stg.hbsstg.org,vmiele
mdickstein@mba2025stg.hbsstg.org,mdickstein
asimko@mba2025stg.hbsstg.org,asimko
zzimmerman@mba2025stg.hbsstg.org,zzimmerman
brivard@mba2025stg.hbsstg.org,brivard
ndarbar@mba2025stg.hbsstg.org,ndarbar
lhuff@mba2025stg.hbsstg.org,lhuff
vpatel@mba2025stg.hbsstg.org,vpatel
lwhitman@mba2025stg.hbsstg.org,lwhitman
lsutton@mba2025stg.hbsstg.org,lsutton
htaylor@mba2025stg.hbsstg.org,htaylor
astrange@mba2025stg.hbsstg.org,astrange
ygirma@mba2025stg.hbsstg.org,ygirma
isakinah@mba2025stg.hbsstg.org,isakinah
okanu@mba2025stg.hbsstg.org,okanu
gkeating@mba2025stg.hbsstg.org,gkeating
spiedrarodriguez@mba2025stg.hbsstg.org,spiedrarodriguez
dbao@mba2025stg.hbsstg.org,dbao
crosenberg@mba2025stg.hbsstg.org,crosenberg
zhamid@mba2025stg.hbsstg.org,zhamid
ashah@mba2025stg.hbsstg.org,ashah
rganguly@mba2025stg.hbsstg.org,rganguly
pkress@mba2025stg.hbsstg.org,pkress
mhawthorne@mba2025stg.hbsstg.org,mhawthorne
itarsh@mba2025stg.hbsstg.org,itarsh
drubenstein@mba2025stg.hbsstg.org,drubenstein
kzhang@mba2025stg.hbsstg.org,kzhang
dburke@mba2025stg.hbsstg.org,dburke
akates@mba2025stg.hbsstg.org,akates
mfranco@mba2025stg.hbsstg.org,mfranco
vchua@mba2025stg.hbsstg.org,vchua
ijiang@mba2025stg.hbsstg.org,ijiang
jpatterson@mba2025stg.hbsstg.org,jpatterson
ahahmed@mba2025stg.hbsstg.org,ahahmed
lturrini@mba2025stg.hbsstg.org,lturrini
iberardi@mba2025stg.hbsstg.org,iberardi
mhratko@mba2025stg.hbsstg.org,mhratko
bcital@mba2025stg.hbsstg.org,bcital
sprothi@mba2025stg.hbsstg.org,sprothi
cmaynard@mba2025stg.hbsstg.org,cmaynard
sstrobl@mba2025stg.hbsstg.org,sstrobl
ccargill@mba2025stg.hbsstg.org,ccargill
jsun@mba2025stg.hbsstg.org,jsun
zgeri@mba2025stg.hbsstg.org,zgeri
adang@mba2025stg.hbsstg.org,adang
ssirinterlikci@mba2025stg.hbsstg.org,ssirinterlikci
fsabena@mba2025stg.hbsstg.org,fsabena
pguraya@mba2025stg.hbsstg.org,pguraya
aamin@mba2025stg.hbsstg.org,aamin
aboghosian@mba2025stg.hbsstg.org,aboghosian
dcuellarzapata@mba2025stg.hbsstg.org,dcuellarzapata
sjia@mba2025stg.hbsstg.org,sjia
lili@mba2025stg.hbsstg.org,lili
jwiesenberg@mba2025stg.hbsstg.org,jwiesenberg
weiliu@mba2025stg.hbsstg.org,weiliu
avazquez@mba2025stg.hbsstg.org,avazquez
sshah@mba2025stg.hbsstg.org,sshah
rtravis@mba2025stg.hbsstg.org,rtravis
njohnston@mba2025stg.hbsstg.org,njohnston
adlugos@mba2025stg.hbsstg.org,adlugos
vyeung@mba2025stg.hbsstg.org,vyeung
edavis@mba2025stg.hbsstg.org,edavis
tmargiolas@mba2025stg.hbsstg.org,tmargiolas
dkay@mba2025stg.hbsstg.org,dkay
cmaurice@mba2025stg.hbsstg.org,cmaurice
cdai@mba2025stg.hbsstg.org,cdai
abjelde@mba2025stg.hbsstg.org,abjelde
bcagney@mba2025stg.hbsstg.org,bcagney
kechen@mba2025stg.hbsstg.org,kechen
dmensah@mba2025stg.hbsstg.org,dmensah
dmongare@mba2025stg.hbsstg.org,dmongare
tboccelli@mba2025stg.hbsstg.org,tboccelli
ksial@mba2025stg.hbsstg.org,ksial
solmos@mba2025stg.hbsstg.org,solmos
smojarradi@mba2025stg.hbsstg.org,smojarradi
apayne@mba2025stg.hbsstg.org,apayne
miglesiasayala@mba2025stg.hbsstg.org,miglesiasayala
mdatt@mba2025stg.hbsstg.org,mdatt
ahofert@mba2025stg.hbsstg.org,ahofert
deegupta@mba2025stg.hbsstg.org,deegupta
vgandotra@mba2025stg.hbsstg.org,vgandotra
gsingh@mba2025stg.hbsstg.org,gsingh
smccutcheon@mba2025stg.hbsstg.org,smccutcheon
mlatham@mba2025stg.hbsstg.org,mlatham
wchang@mba2025stg.hbsstg.org,wchang
trice@mba2025stg.hbsstg.org,trice
bzheng@mba2025stg.hbsstg.org,bzheng
zhaque@mba2025stg.hbsstg.org,zhaque
mmcilwain@mba2025stg.hbsstg.org,mmcilwain
umandvia@mba2025stg.hbsstg.org,umandvia
toladitan@mba2025stg.hbsstg.org,toladitan
knogin@mba2025stg.hbsstg.org,knogin
ewillardson@mba2025stg.hbsstg.org,ewillardson
rmaarek@mba2025stg.hbsstg.org,rmaarek
lwong@mba2025stg.hbsstg.org,lwong
sgolden@mba2025stg.hbsstg.org,sgolden
ppittman@mba2025stg.hbsstg.org,ppittman
tivo@mba2025stg.hbsstg.org,tivo
lmanzi@mba2025stg.hbsstg.org,lmanzi
llu@mba2025stg.hbsstg.org,llu
jmaynard@mba2025stg.hbsstg.org,jmaynard
mcurtin@mba2025stg.hbsstg.org,mcurtin
jspiess@mba2025stg.hbsstg.org,jspiess
parango@mba2025stg.hbsstg.org,parango
hrajana@mba2025stg.hbsstg.org,hrajana
mgoldman@mba2025stg.hbsstg.org,mgoldman
ahamilton@mba2025stg.hbsstg.org,ahamilton
chood@mba2025stg.hbsstg.org,chood
gscarlatti@mba2025stg.hbsstg.org,gscarlatti
iqadir@mba2025stg.hbsstg.org,iqadir
rjaramillo@mba2025stg.hbsstg.org,rjaramillo
sconille@mba2025stg.hbsstg.org,sconille
amartore@mba2025stg.hbsstg.org,amartore
jmckue@mba2025stg.hbsstg.org,jmckue
bralee@mba2025stg.hbsstg.org,bralee
stamames@mba2025stg.hbsstg.org,stamames
ssaarela@mba2025stg.hbsstg.org,ssaarela
atariq@mba2025stg.hbsstg.org,atariq
abelkin@mba2025stg.hbsstg.org,abelkin
nlim@mba2025stg.hbsstg.org,nlim
kevlin@mba2025stg.hbsstg.org,kevlin
kylee@mba2025stg.hbsstg.org,kylee
clastowski@mba2025stg.hbsstg.org,clastowski
yzhi@mba2025stg.hbsstg.org,yzhi
dchapman@mba2025stg.hbsstg.org,dchapman
priyanshi@mba2025stg.hbsstg.org,priyanshi
nholowsko@mba2025stg.hbsstg.org,nholowsko
dricciardone@mba2025stg.hbsstg.org,dricciardone
srazak@mba2025stg.hbsstg.org,srazak
datlason@mba2025stg.hbsstg.org,datlason
knewton@mba2025stg.hbsstg.org,knewton
ckinney@mba2025stg.hbsstg.org,ckinney
ssabatini@mba2025stg.hbsstg.org,ssabatini
sax@mba2025stg.hbsstg.org,sax
smosquera@mba2025stg.hbsstg.org,smosquera
krich@mba2025stg.hbsstg.org,krich
bverdi@mba2025stg.hbsstg.org,bverdi
jkoch@mba2025stg.hbsstg.org,jkoch
ckenneally@mba2025stg.hbsstg.org,ckenneally
jchow@mba2025stg.hbsstg.org,jchow
bpham@mba2025stg.hbsstg.org,bpham
dhartmeier@mba2025stg.hbsstg.org,dhartmeier
cmoody@mba2025stg.hbsstg.org,cmoody
kugobeke@mba2025stg.hbsstg.org,kugobeke
jvanessche@mba2025stg.hbsstg.org,jvanessche
dleventer@mba2025stg.hbsstg.org,dleventer
mschimmel@mba2025stg.hbsstg.org,mschimmel
bwilkin@mba2025stg.hbsstg.org,bwilkin
rbansal@mba2026stg.hbsstg.org,rbansal
svelingker@mba2025stg.hbsstg.org,svelingker
mnarayan@mba2025stg.hbsstg.org,mnarayan
spiracha@mba2025stg.hbsstg.org,spiracha
mhu@mba2025stg.hbsstg.org,mhu
slongo@mba2025stg.hbsstg.org,slongo
scharipper@mba2025stg.hbsstg.org,scharipper
maloraynan@mba2025stg.hbsstg.org,maloraynan
lgong@mba2025stg.hbsstg.org,lgong
rmuldowney@mba2025stg.hbsstg.org,rmuldowney
sbland@mba2025stg.hbsstg.org,sbland
msears@mba2025stg.hbsstg.org,msears
jachen@mba2025stg.hbsstg.org,jachen
vtarzijan@mba2025stg.hbsstg.org,vtarzijan
sshetty@mba2025stg.hbsstg.org,sshetty
arooney@mba2025stg.hbsstg.org,arooney
cfinke@mba2025stg.hbsstg.org,cfinke
lhalsey@mba2025stg.hbsstg.org,lhalsey
dveloza@mba2025stg.hbsstg.org,dveloza
syerneni@mba2025stg.hbsstg.org,syerneni
ielmorabit@mba2025stg.hbsstg.org,ielmorabit
dcrichlow@mba2025stg.hbsstg.org,dcrichlow
zlim@mba2025stg.hbsstg.org,zlim
akrishnan@mba2025stg.hbsstg.org,akrishnan
tde@mba2025stg.hbsstg.org,tde
hvanadelsberg@mba2025stg.hbsstg.org,hvanadelsberg
ageorgeson@mba2025stg.hbsstg.org,ageorgeson
eguterson@mba2025stg.hbsstg.org,eguterson
vvermani@mba2025stg.hbsstg.org,vvermani
adaillance@mba2025stg.hbsstg.org,adaillance
mleef@mba2025stg.hbsstg.org,mleef
qcarlson@mba2025stg.hbsstg.org,qcarlson
mcao@mba2025stg.hbsstg.org,mcao
asubramanian@mba2025stg.hbsstg.org,asubramanian
tkluska@mba2025stg.hbsstg.org,tkluska
gmoore@mba2025stg.hbsstg.org,gmoore
jsalesky@mba2025stg.hbsstg.org,jsalesky
dschoeller@mba2025stg.hbsstg.org,dschoeller
jweger@mba2025stg.hbsstg.org,jweger
avictoria@mba2025stg.hbsstg.org,avictoria
oagunbiade@mba2025stg.hbsstg.org,oagunbiade
ikuhlenthal@mba2025stg.hbsstg.org,ikuhlenthal
okarnas@mba2025stg.hbsstg.org,okarnas
adowdy@mba2025stg.hbsstg.org,adowdy
asallam@mba2025stg.hbsstg.org,asallam
bborosi@mba2025stg.hbsstg.org,bborosi
stoshniwal@mba2025stg.hbsstg.org,stoshniwal
mlee@mba2025stg.hbsstg.org,mlee
agupta@mba2025stg.hbsstg.org,agupta
bmckenna@mba2025stg.hbsstg.org,bmckenna
twalkinshaw@mba2025stg.hbsstg.org,twalkinshaw
amichel@mba2025stg.hbsstg.org,amichel
peguiguren@mba2025stg.hbsstg.org,peguiguren
janger@mba2025stg.hbsstg.org,janger
ccanario@mba2025stg.hbsstg.org,ccanario
akajiura@mba2025stg.hbsstg.org,akajiura
dwilliams@mba2025stg.hbsstg.org,dwilliams
mhong@mba2025stg.hbsstg.org,mhong
cliu@mba2025stg.hbsstg.org,cliu
dblumenthal@mba2025stg.hbsstg.org,dblumenthal
aacosta@mba2025stg.hbsstg.org,aacosta
latkeson@mba2025stg.hbsstg.org,latkeson
jhogan@mba2025stg.hbsstg.org,jhogan
sfuchs@mba2025stg.hbsstg.org,sfuchs
abourque@mba2025stg.hbsstg.org,abourque
gpayzer@mba2025stg.hbsstg.org,gpayzer
ewuyan@mba2025stg.hbsstg.org,ewuyan
sabuboakye@mba2025stg.hbsstg.org,sabuboakye
aarora@mba2025stg.hbsstg.org,aarora
tgao@mba2025stg.hbsstg.org,tgao
rgordon@mba2025stg.hbsstg.org,rgordon
bwiputeri@mba2025stg.hbsstg.org,bwiputeri
aohanian@mba2025stg.hbsstg.org,aohanian
wwang@mba2025stg.hbsstg.org,wwang
lmccullagh@mba2025stg.hbsstg.org,lmccullagh
rpachecorios@mba2025stg.hbsstg.org,rpachecorios
ibelson@mba2025stg.hbsstg.org,ibelson
cowest@mba2025stg.hbsstg.org,cowest
padami@mba2025stg.hbsstg.org,padami
mporter@mba2025stg.hbsstg.org,mporter
llucidi@mba2025stg.hbsstg.org,llucidi
kpark@mba2025stg.hbsstg.org,kpark
criazzi@mba2025stg.hbsstg.org,criazzi
jnirwana@mba2025stg.hbsstg.org,jnirwana
dcouturepeck@mba2025stg.hbsstg.org,dcouturepeck
nalqadhi@mba2025stg.hbsstg.org,nalqadhi
tnimri@mba2025stg.hbsstg.org,tnimri
xli@mba2025stg.hbsstg.org,xli
ctranbarger@mba2025stg.hbsstg.org,ctranbarger
amoskowitz@mba2025stg.hbsstg.org,amoskowitz
mfranck@mba2025stg.hbsstg.org,mfranck
rchalasani@mba2025stg.hbsstg.org,rchalasani
mshadpour@mba2025stg.hbsstg.org,mshadpour
dpaul@mba2025stg.hbsstg.org,dpaul
inaccarella@mba2025stg.hbsstg.org,inaccarella
athoman@mba2025stg.hbsstg.org,athoman
azannos@mba2025stg.hbsstg.org,azannos
chagerstrom@mba2025stg.hbsstg.org,chagerstrom
cumetsu@mba2025stg.hbsstg.org,cumetsu
swu@mba2025stg.hbsstg.org,swu
mholmes@mba2025stg.hbsstg.org,mholmes
dborinstein@mba2025stg.hbsstg.org,dborinstein
lahmetaj@mba2025stg.hbsstg.org,lahmetaj
bbyers@mba2025stg.hbsstg.org,bbyers
sdayal@mba2025stg.hbsstg.org,sdayal
dkim@mba2025stg.hbsstg.org,dkim
ajain@mba2025stg.hbsstg.org,ajain
lyan@mba2025stg.hbsstg.org,lyan
bfahey@mba2025stg.hbsstg.org,bfahey
ysegev@mba2025stg.hbsstg.org,ysegev
snimmagadda@mba2025stg.hbsstg.org,snimmagadda
kuyemura@mba2025stg.hbsstg.org,kuyemura
smathew@mba2025stg.hbsstg.org,smathew
rhoffmannfallgatter@mba2025stg.hbsstg.org,rhoffmannfallgatter
lpeilert@mba2025stg.hbsstg.org,lpeilert
tchan@mba2025stg.hbsstg.org,tchan
cjackson@mba2025stg.hbsstg.org,cjackson
tdesouza@mba2025stg.hbsstg.org,tdesouza
xychen@mba2025stg.hbsstg.org,xychen
scui@mba2025stg.hbsstg.org,scui
bmoore@mba2025stg.hbsstg.org,bmoore
lmchayleh@mba2025stg.hbsstg.org,lmchayleh
izebdi@mba2025stg.hbsstg.org,izebdi
jbaker@mba2025stg.hbsstg.org,jbaker
dburns@mba2025stg.hbsstg.org,dburns
achowdhry@mba2025stg.hbsstg.org,achowdhry
aheredia@mba2025stg.hbsstg.org,aheredia
vdey@mba2025stg.hbsstg.org,vdey
ggokcen@mba2025stg.hbsstg.org,ggokcen
yvillarreal@mba2025stg.hbsstg.org,yvillarreal
tbartlett@mba2025stg.hbsstg.org,tbartlett
hkline@mba2025stg.hbsstg.org,hkline
hcho@mba2025stg.hbsstg.org,hcho
mbaldyga@mba2025stg.hbsstg.org,mbaldyga
oyadav@mba2025stg.hbsstg.org,oyadav
mithompson@mba2025stg.hbsstg.org,mithompson
awade@mba2025stg.hbsstg.org,awade
rseniors@mba2025stg.hbsstg.org,rseniors
ahussain@mba2025stg.hbsstg.org,ahussain
jruxton@mba2025stg.hbsstg.org,jruxton
czhao@mba2025stg.hbsstg.org,czhao
skamprad@mba2025stg.hbsstg.org,skamprad
zimam@mba2025stg.hbsstg.org,zimam
erliu@mba2025stg.hbsstg.org,erliu
kyilla@mba2025stg.hbsstg.org,kyilla
clopes@mba2025stg.hbsstg.org,clopes
cciotti@mba2025stg.hbsstg.org,cciotti
coconnor@mba2025stg.hbsstg.org,coconnor
apradhan@mba2025stg.hbsstg.org,apradhan
rcordova@mba2025stg.hbsstg.org,rcordova
fismayilzada@mba2025stg.hbsstg.org,fismayilzada
sbrannan@mba2025stg.hbsstg.org,sbrannan
chumble@mba2025stg.hbsstg.org,chumble
sdeholl@mba2025stg.hbsstg.org,sdeholl
ccauli@mba2025stg.hbsstg.org,ccauli
eempting@mba2025stg.hbsstg.org,eempting
ksutyla@mba2025stg.hbsstg.org,ksutyla
mreiner@mba2025stg.hbsstg.org,mreiner
ichi@mba2025stg.hbsstg.org,ichi
jbachkora@mba2025stg.hbsstg.org,jbachkora
asaban@mba2025stg.hbsstg.org,asaban
lklegen@mba2025stg.hbsstg.org,lklegen
ianastassoff@mba2025stg.hbsstg.org,ianastassoff
kjlee@mba2025stg.hbsstg.org,kjlee
fsolano@mba2025stg.hbsstg.org,fsolano
kland@mba2025stg.hbsstg.org,kland
wmarron@mba2025stg.hbsstg.org,wmarron
kanderson@mba2025stg.hbsstg.org,kanderson
jleon@mba2025stg.hbsstg.org,jleon
mtan@mba2025stg.hbsstg.org,mtan
cbeagles@mba2025stg.hbsstg.org,cbeagles
dtsagli@mba2025stg.hbsstg.org,dtsagli
caguilera@mba2025stg.hbsstg.org,caguilera
kshah@mba2025stg.hbsstg.org,kshah
amazzaferro@mba2025stg.hbsstg.org,amazzaferro
agoodman@mba2025stg.hbsstg.org,agoodman
mzhang@mba2025stg.hbsstg.org,mzhang
elyndt@mba2025stg.hbsstg.org,elyndt
asass@mba2025stg.hbsstg.org,asass
zbhargava@mba2025stg.hbsstg.org,zbhargava
ttsung@mba2025stg.hbsstg.org,ttsung
cbianco@mba2025stg.hbsstg.org,cbianco
jkong@mba2025stg.hbsstg.org,jkong
abaranowski@mba2025stg.hbsstg.org,abaranowski
mheckman@mba2025stg.hbsstg.org,mheckman
vgulati@mba2025stg.hbsstg.org,vgulati
ichang@mba2025stg.hbsstg.org,ichang
jhaghani@mba2025stg.hbsstg.org,jhaghani
beu@mba2025stg.hbsstg.org,beu
slad@mba2025stg.hbsstg.org,slad
msachdeva@mba2025stg.hbsstg.org,msachdeva
aregnier@mba2025stg.hbsstg.org,aregnier
ccallander@mba2025stg.hbsstg.org,ccallander
ksakamoto@mba2025stg.hbsstg.org,ksakamoto
tbecker@mba2025stg.hbsstg.org,tbecker
skhandelwal@mba2025stg.hbsstg.org,skhandelwal
etekamp@mba2025stg.hbsstg.org,etekamp
tfang@mba2025stg.hbsstg.org,tfang
kboyle@mba2025stg.hbsstg.org,kboyle
hfageeh@mba2025stg.hbsstg.org,hfageeh
lmediorreal@mba2025stg.hbsstg.org,lmediorreal
misraelit@mba2025stg.hbsstg.org,misraelit
shay@mba2025stg.hbsstg.org,shay
elee@mba2025stg.hbsstg.org,elee
cdavis@mba2025stg.hbsstg.org,cdavis
sfedorov@mba2025stg.hbsstg.org,sfedorov
abhardwaj@mba2025stg.hbsstg.org,abhardwaj
codfjell@mba2025stg.hbsstg.org,codfjell
jhidalgojullian@mba2025stg.hbsstg.org,jhidalgojullian
jsepulveda@mba2025stg.hbsstg.org,jsepulveda
jili@mba2025stg.hbsstg.org,jili
mamoako@mba2025stg.hbsstg.org,mamoako
jovia@mba2025stg.hbsstg.org,jovia
ykadmon@mba2025stg.hbsstg.org,ykadmon
tgorman@mba2025stg.hbsstg.org,tgorman
ssucharda@mba2025stg.hbsstg.org,ssucharda
asmith@mba2025stg.hbsstg.org,asmith
pluu@mba2025stg.hbsstg.org,pluu
batkinson@mba2025stg.hbsstg.org,batkinson
rgomez@mba2025stg.hbsstg.org,rgomez
eorchant@mba2025stg.hbsstg.org,eorchant
jfarhat@mba2025stg.hbsstg.org,jfarhat
dbrunskole@mba2025stg.hbsstg.org,dbrunskole
dedouard@mba2025stg.hbsstg.org,dedouard
hhe@mba2025stg.hbsstg.org,hhe
asharma@mba2025stg.hbsstg.org,asharma
asatkute@mba2025stg.hbsstg.org,asatkute
mlans@mba2025stg.hbsstg.org,mlans
mwestrom@mba2025stg.hbsstg.org,mwestrom
cfeeley@mba2025stg.hbsstg.org,cfeeley
arothamel@mba2025stg.hbsstg.org,arothamel
fguerrero@mba2025stg.hbsstg.org,fguerrero
ljowers@mba2025stg.hbsstg.org,ljowers
rrajagopalan@mba2025stg.hbsstg.org,rrajagopalan
sgideon@mba2025stg.hbsstg.org,sgideon
kachen@mba2025stg.hbsstg.org,kachen
nzaliznyak@mba2025stg.hbsstg.org,nzaliznyak
jfreeman@mba2025stg.hbsstg.org,jfreeman
aeyzaguirre@mba2025stg.hbsstg.org,aeyzaguirre
wmarkley@mba2025stg.hbsstg.org,wmarkley
mgad@mba2025stg.hbsstg.org,mgad
cukachi@mba2025stg.hbsstg.org,cukachi
vhase@mba2025stg.hbsstg.org,vhase
rnavert@mba2025stg.hbsstg.org,rnavert
wkunattanond@mba2025stg.hbsstg.org,wkunattanond
alam@mba2025stg.hbsstg.org,alam
ssaberi@mba2025stg.hbsstg.org,ssaberi
scattaneo@mba2025stg.hbsstg.org,scattaneo
adgarg@mba2025stg.hbsstg.org,adgarg
gparker@mba2025stg.hbsstg.org,gparker
darmenteros@mba2025stg.hbsstg.org,darmenteros
myeh@mba2025stg.hbsstg.org,myeh
cprice@mba2025stg.hbsstg.org,cprice
lromanov@mba2025stg.hbsstg.org,lromanov
ssmith@mba2025stg.hbsstg.org,ssmith
scrowder@mba2025stg.hbsstg.org,scrowder
qbrown@mba2025stg.hbsstg.org,qbrown
xichen@mba2025stg.hbsstg.org,xichen
cmontgomery@mba2025stg.hbsstg.org,cmontgomery
achow@mba2025stg.hbsstg.org,achow
jreich@mba2025stg.hbsstg.org,jreich
mroet@mba2025stg.hbsstg.org,mroet
psiawasamoah@mba2025stg.hbsstg.org,psiawasamoah
pblumeris@mba2025stg.hbsstg.org,pblumeris
rhernandez@mba2025stg.hbsstg.org,rhernandez
tonabajo@mba2025stg.hbsstg.org,tonabajo
acamacho@mba2025stg.hbsstg.org,acamacho
tbozzini@mba2025stg.hbsstg.org,tbozzini
orajbhandary@mba2025stg.hbsstg.org,orajbhandary
iyang@mba2025stg.hbsstg.org,iyang
psaha@mba2025stg.hbsstg.org,psaha
azhang@mba2025stg.hbsstg.org,azhang
sgagnon@mba2025stg.hbsstg.org,sgagnon
makinbi@mba2025stg.hbsstg.org,makinbi
hilhan@mba2025stg.hbsstg.org,hilhan
hafia@mba2025stg.hbsstg.org,hafia
mdessau@mba2025stg.hbsstg.org,mdessau
agore@mba2025stg.hbsstg.org,agore
abirla@mba2025stg.hbsstg.org,abirla
osacko@mba2025stg.hbsstg.org,osacko
mmomah@mba2025stg.hbsstg.org,mmomah
jkim@mba2025stg.hbsstg.org,jkim
aalturki@mba2025stg.hbsstg.org,aalturki
hmerten@mba2025stg.hbsstg.org,hmerten
stian@mba2025stg.hbsstg.org,stian
acrich@mba2025stg.hbsstg.org,acrich
achang@mba2025stg.hbsstg.org,achang
cbond@mba2025stg.hbsstg.org,cbond
mkotrappa@mba2025stg.hbsstg.org,mkotrappa
tkim@mba2025stg.hbsstg.org,tkim
dnunezrishmawi@mba2025stg.hbsstg.org,dnunezrishmawi
rshah@mba2025stg.hbsstg.org,rshah
ssells@mba2025stg.hbsstg.org,ssells
devgupta@mba2025stg.hbsstg.org,devgupta
arafique@mba2025stg.hbsstg.org,arafique
rjaffe@mba2025stg.hbsstg.org,rjaffe
astephen@mba2025stg.hbsstg.org,astephen
mmaurhofer@mba2025stg.hbsstg.org,mmaurhofer
rlee@mba2025stg.hbsstg.org,rlee
nadler@mba2025stg.hbsstg.org,nadler
wcargile@mba2025stg.hbsstg.org,wcargile
jpinnell@mba2025stg.hbsstg.org,jpinnell
ikremitsas@mba2025stg.hbsstg.org,ikremitsas
jlarenas@mba2025stg.hbsstg.org,jlarenas
faranha@mba2025stg.hbsstg.org,faranha
ryang@mba2025stg.hbsstg.org,ryang
iramanathansubramanian@mba2025stg.hbsstg.org,iramanathansubramanian
rpattullo@mba2025stg.hbsstg.org,rpattullo
sgopal@mba2025stg.hbsstg.org,sgopal
dgethers@mba2025stg.hbsstg.org,dgethers
cjarjour@mba2025stg.hbsstg.org,cjarjour
nhinduja@mba2025stg.hbsstg.org,nhinduja
cluber@mba2025stg.hbsstg.org,cluber
odhauteville@mba2025stg.hbsstg.org,odhauteville
sschor@mba2025stg.hbsstg.org,sschor
ajameson@mba2025stg.hbsstg.org,ajameson
stsikor@mba2025stg.hbsstg.org,stsikor
eschwartz@mba2025stg.hbsstg.org,eschwartz
rsehgal@mba2025stg.hbsstg.org,rsehgal
dsoled@mba2025stg.hbsstg.org,dsoled
jgustafson@mba2025stg.hbsstg.org,jgustafson
jwilner@mba2025stg.hbsstg.org,jwilner
jraphaelson@mba2025stg.hbsstg.org,jraphaelson
apardo@mba2025stg.hbsstg.org,apardo
bgiles@mba2025stg.hbsstg.org,bgiles
srajgaria@mba2025stg.hbsstg.org,srajgaria
jgluck@mba2025stg.hbsstg.org,jgluck
jscokin@mba2025stg.hbsstg.org,jscokin
kwu@mba2025stg.hbsstg.org,kwu
mgiger@mba2025stg.hbsstg.org,mgiger
smudiyala@mba2025stg.hbsstg.org,smudiyala
apastre@mba2025stg.hbsstg.org,apastre
jlee@mba2025stg.hbsstg.org,jlee
skoller@mba2025stg.hbsstg.org,skoller
gvaldes@mba2025stg.hbsstg.org,gvaldes
msulub@mba2025stg.hbsstg.org,msulub
lchrismon@mba2025stg.hbsstg.org,lchrismon
kaustinrawls@mba2025stg.hbsstg.org,kaustinrawls
sreddy@mba2025stg.hbsstg.org,sreddy
rreza@mba2025stg.hbsstg.org,rreza
kswainsmith@mba2025stg.hbsstg.org,kswainsmith
ibatalhavasconcelos@mba2025stg.hbsstg.org,ibatalhavasconcelos
aborison@mba2025stg.hbsstg.org,aborison
vwanene@mba2025stg.hbsstg.org,vwanene
jklesyk@mba2025stg.hbsstg.org,jklesyk
emendelsohn@mba2025stg.hbsstg.org,emendelsohn
kyoung@mba2025stg.hbsstg.org,kyoung
jucohen@mba2025stg.hbsstg.org,jucohen
einapuri@mba2025stg.hbsstg.org,einapuri
astrauss@mba2025stg.hbsstg.org,astrauss
wlai@mba2025stg.hbsstg.org,wlai
sguezmir@mba2025stg.hbsstg.org,sguezmir
aaltamimi@mba2025stg.hbsstg.org,aaltamimi
dfogarty@mba2025stg.hbsstg.org,dfogarty
mringer@mba2025stg.hbsstg.org,mringer
acortney@mba2025stg.hbsstg.org,acortney
bdelorme@mba2025stg.hbsstg.org,bdelorme
stagoe@mba2025stg.hbsstg.org,stagoe
afriswold@mba2025stg.hbsstg.org,afriswold
dparra@mba2025stg.hbsstg.org,dparra
rhayat@mba2025stg.hbsstg.org,rhayat
jutama@mba2025stg.hbsstg.org,jutama
aueda@mba2025stg.hbsstg.org,aueda
wspencer@mba2025stg.hbsstg.org,wspencer
ssilla@mba2025stg.hbsstg.org,ssilla
lzhang@mba2025stg.hbsstg.org,lzhang
speng@mba2025stg.hbsstg.org,speng
dmitalipov@mba2025stg.hbsstg.org,dmitalipov
lmarics@mba2025stg.hbsstg.org,lmarics
aschwartz@mba2025stg.hbsstg.org,aschwartz
hdouglas@mba2025stg.hbsstg.org,hdouglas
amishra@mba2025stg.hbsstg.org,amishra
okoulouh@mba2025stg.hbsstg.org,okoulouh
conichabor@mba2025stg.hbsstg.org,conichabor
jbryant@mba2025stg.hbsstg.org,jbryant
brasyara@mba2025stg.hbsstg.org,brasyara
gmosheim@mba2025stg.hbsstg.org,gmosheim
meast@mba2025stg.hbsstg.org,meast
cisgar@mba2025stg.hbsstg.org,cisgar
pkocherhan@mba2025stg.hbsstg.org,pkocherhan
gcroffturri@mba2025stg.hbsstg.org,gcroffturri
jingram@mba2025stg.hbsstg.org,jingram
csabatt@mba2025stg.hbsstg.org,csabatt
dsomoza@mba2025stg.hbsstg.org,dsomoza
astasior@mba2025stg.hbsstg.org,astasior
shaddad@mba2025stg.hbsstg.org,shaddad
sgilbert@mba2025stg.hbsstg.org,sgilbert
sstancov@mba2025stg.hbsstg.org,sstancov
bhsieh@mba2025stg.hbsstg.org,bhsieh
shaque@mba2025stg.hbsstg.org,shaque
dsmith@mba2025stg.hbsstg.org,dsmith
mrubiano@mba2025stg.hbsstg.org,mrubiano
griew@mba2025stg.hbsstg.org,griew
kbjorneboe@mba2025stg.hbsstg.org,kbjorneboe
clee@mba2025stg.hbsstg.org,clee
jdubin@mba2025stg.hbsstg.org,jdubin
smishra@mba2025stg.hbsstg.org,smishra
mbiswas@mba2025stg.hbsstg.org,mbiswas
ndeininger@mba2025stg.hbsstg.org,ndeininger
tclark@mba2025stg.hbsstg.org,tclark
mkhan@mba2025stg.hbsstg.org,mkhan
nmedway@mba2025stg.hbsstg.org,nmedway
lsandlund@mba2025stg.hbsstg.org,lsandlund
atsenter@mba2025stg.hbsstg.org,atsenter
rkalra@mba2025stg.hbsstg.org,rkalra
bjohnson@mba2025stg.hbsstg.org,bjohnson
mlesmeister@mba2025stg.hbsstg.org,mlesmeister
lmantovani@mba2025stg.hbsstg.org,lmantovani
dhu@mba2025stg.hbsstg.org,dhu
mosei@mba2025stg.hbsstg.org,mosei
szia@mba2025stg.hbsstg.org,szia
tbrown@mba2025stg.hbsstg.org,tbrown
cstone@mba2025stg.hbsstg.org,cstone
bmergar@mba2025stg.hbsstg.org,bmergar
folanipekun@mba2025stg.hbsstg.org,folanipekun
mmurphy@mba2025stg.hbsstg.org,mmurphy
rshankar@mba2025stg.hbsstg.org,rshankar
araghavan@mba2025stg.hbsstg.org,araghavan
sshivam@mba2025stg.hbsstg.org,sshivam
skishi@mba2025stg.hbsstg.org,skishi
mfaradina@mba2025stg.hbsstg.org,mfaradina
ayu@mba2025stg.hbsstg.org,ayu
jnaeem@mba2025stg.hbsstg.org,jnaeem
scohen@mba2025stg.hbsstg.org,scohen
vlymperopoulou@mba2025stg.hbsstg.org,vlymperopoulou
eadams@mba2025stg.hbsstg.org,eadams
egarcia@mba2025stg.hbsstg.org,egarcia
lbrennan@mba2025stg.hbsstg.org,lbrennan
ailey@mba2025stg.hbsstg.org,ailey
hsucu@mba2025stg.hbsstg.org,hsucu
jmcgrath@mba2025stg.hbsstg.org,jmcgrath
scopeland@mba2025stg.hbsstg.org,scopeland
afields@mba2025stg.hbsstg.org,afields
yhilmi@mba2025stg.hbsstg.org,yhilmi
khardie@mba2025stg.hbsstg.org,khardie
mjefferson@mba2025stg.hbsstg.org,mjefferson
pkapoor@mba2025stg.hbsstg.org,pkapoor
pwang@mba2025stg.hbsstg.org,pwang
rmursalin@mba2025stg.hbsstg.org,rmursalin
zzheng@mba2025stg.hbsstg.org,zzheng
sravani@mba2025stg.hbsstg.org,sravani
smontesdeoca@mba2025stg.hbsstg.org,smontesdeoca
jsiegel@mba2025stg.hbsstg.org,jsiegel
nbeshir@mba2025stg.hbsstg.org,nbeshir
igoryachev@mba2025stg.hbsstg.org,igoryachev
ghoffmannpitten@mba2025stg.hbsstg.org,ghoffmannpitten
mfu@mba2025stg.hbsstg.org,mfu
arosati@mba2025stg.hbsstg.org,arosati
vqiu@mba2025stg.hbsstg.org,vqiu
ashimer@mba2025stg.hbsstg.org,ashimer
bstromer@mba2025stg.hbsstg.org,bstromer
sbharwani@mba2025stg.hbsstg.org,sbharwani
ndass@mba2025stg.hbsstg.org,ndass
rtakahashi@mba2025stg.hbsstg.org,rtakahashi
fdashti@mba2025stg.hbsstg.org,fdashti
jcruz@mba2025stg.hbsstg.org,jcruz
aconti@mba2025stg.hbsstg.org,aconti
gbatoussi@mba2025stg.hbsstg.org,gbatoussi
plachman@mba2025stg.hbsstg.org,plachman
igurmendi@mba2025stg.hbsstg.org,igurmendi
srane@mba2025stg.hbsstg.org,srane
cdoyle@mba2025stg.hbsstg.org,cdoyle
msax@mba2025stg.hbsstg.org,msax
ghummer@mba2025stg.hbsstg.org,ghummer
aratzker@mba2026stg.hbsstg.org,aratzker
pfalzon@mba2025stg.hbsstg.org,pfalzon
afoote@mba2025stg.hbsstg.org,afoote
dchow@mba2025stg.hbsstg.org,dchow
jwang@mba2025stg.hbsstg.org,jwang
tbrunskole@mba2025stg.hbsstg.org,tbrunskole
jbedford@mba2025stg.hbsstg.org,jbedford
whapeman@mba2025stg.hbsstg.org,whapeman
btieu@mba2025stg.hbsstg.org,btieu
mcarola@mba2025stg.hbsstg.org,mcarola
akaruppur@mba2025stg.hbsstg.org,akaruppur
jlacs@mba2025stg.hbsstg.org,jlacs
pchecrallah@mba2025stg.hbsstg.org,pchecrallah
amukhtar@mba2025stg.hbsstg.org,amukhtar
dgoydan@mba2025stg.hbsstg.org,dgoydan
doresanya@mba2025stg.hbsstg.org,doresanya
mnowicki@mba2025stg.hbsstg.org,mnowicki
dackeret@mba2025stg.hbsstg.org,dackeret
soyesanya@mba2025stg.hbsstg.org,soyesanya
bdunphy@mba2025stg.hbsstg.org,bdunphy
proy@mba2025stg.hbsstg.org,proy
ropatel@mba2025stg.hbsstg.org,ropatel
ezang@mba2025stg.hbsstg.org,ezang
nbradley@mba2025stg.hbsstg.org,nbradley
bstern@mba2025stg.hbsstg.org,bstern
ccrum@mba2025stg.hbsstg.org,ccrum
mrintoul@mba2025stg.hbsstg.org,mrintoul
sballantyne@mba2025stg.hbsstg.org,sballantyne
bghosh@mba2025stg.hbsstg.org,bghosh
pgong@mba2025stg.hbsstg.org,pgong
vbhat@mba2025stg.hbsstg.org,vbhat
imendez@mba2025stg.hbsstg.org,imendez
dheifitz@mba2025stg.hbsstg.org,dheifitz
dberrigan@mba2025stg.hbsstg.org,dberrigan
kkanakiya@mba2025stg.hbsstg.org,kkanakiya
azuckerman@mba2025stg.hbsstg.org,azuckerman
izhang@mba2025stg.hbsstg.org,izhang
nprabhu@mba2025stg.hbsstg.org,nprabhu
aturner@mba2025stg.hbsstg.org,aturner
lbarrison@mba2025stg.hbsstg.org,lbarrison
khaney@mba2025stg.hbsstg.org,khaney
tdesantis@mba2025stg.hbsstg.org,tdesantis
zziemke@mba2025stg.hbsstg.org,zziemke
dsakata@mba2025stg.hbsstg.org,dsakata
mlavechdubos@mba2025stg.hbsstg.org,mlavechdubos
frydalch@mba2025stg.hbsstg.org,frydalch
ntalerman@mba2025stg.hbsstg.org,ntalerman
jgao@mba2025stg.hbsstg.org,jgao
mafandiyev@mba2025stg.hbsstg.org,mafandiyev
vprakash@mba2025stg.hbsstg.org,vprakash
mmaldonadogeraghty@mba2025stg.hbsstg.org,mmaldonadogeraghty
rmorona@mba2025stg.hbsstg.org,rmorona
sdong@mba2025stg.hbsstg.org,sdong
twijaya@mba2025stg.hbsstg.org,twijaya
ecorrea@mba2025stg.hbsstg.org,ecorrea
flenz@mba2025stg.hbsstg.org,flenz
afranca@mba2025stg.hbsstg.org,afranca
ywang@mba2025stg.hbsstg.org,ywang
ccoleman@mba2025stg.hbsstg.org,ccoleman
rguo@mba2025stg.hbsstg.org,rguo
schyu@mba2025stg.hbsstg.org,schyu
cpiedrahita@mba2025stg.hbsstg.org,cpiedrahita
byu@mba2025stg.hbsstg.org,byu
bmassaro@mba2025stg.hbsstg.org,bmassaro
